Cliente,Saldo Original,Deducciones,Saldo Neto
Cliente 1,1939.51,193.95,1745.56
Cliente 2,3403.93,340.39,3063.54
Cliente 3,6597.26,659.73,5937.530000000001
Cliente 4,1272.96,127.3,1145.66
Cliente 5,1045.68,104.57,941.1100000000001
Cliente 6,5003.83,500.38,4503.45
Cliente 7,1859.45,185.95,1673.5
Cliente 8,1321.75,132.18,1189.57
Cliente 9,5055.97,505.6,4550.37
Cliente 10,9815.65,981.57,8834.08
